
{
  "groups": [
    {
      "name": "Hospitality skills",
      "description": "Basic skills for daily tasks and guests services"
    },
    {
      "name": "BED competencies",
      "description": "Advanced ability to read people and situations"
    },
    {
      "name": "Taking ownership",
      "description": "Acting independently and sharing responsibility"
    },
    {
      "name": "Collaboration",
      "description": "Building trust and helping others across BED"
    }
  ],
  "questions": [
    {
      "id": 1,
      "statement": "You answer very fast to guest messages",
      "subtext": "You often check mail and reply right away",
      "group": "Hospitality skills"
    },
    {
      "id": 2,
      "statement": "Your replies are warm and personal",
      "subtext": "You know this is where hospitality begins",
      "group": "Hospitality skills"
    },
    {
      "id": 3,
      "statement": "You follow up when you give someone a task",
      "subtext": "You take responsibilty until it's done",
      "group": "Taking ownership"
    },
    {
      "id": 4,
      "statement": "You can see if guests are tired or relaxed",
      "subtext": "You change the way you check-in accordingly",
      "group": "BED competencies"
    },
    {
      "id": 5,
      "statement": "You first make sure new guests feel welcome",
      "subtext": "You never start by asking for passports",
      "group": "Hospitality skills"
    },
    {
      "id": 6,
      "statement": "You can do a standard check-in in 60 seconds",
      "subtext": "You know some travellers just want their key",
      "group": "Hospitality skills"
    },
    {
      "id": 7,
      "statement": "You check-in groups with the group leader",
      "subtext": "You let others wait without stress",
      "group": "Hospitality skills"
    },
    {
      "id": 8,
      "statement": "You don't tell guests check-in is at 14:00",
      "subtext": "You let them check-in when room is ready",
      "group": "Hospitality skills"
    },
    {
      "id": 9,
      "statement": "You don't show stress when there's a problem",
      "subtext": "You know you only make guests more nervous",
      "group": "BED competencies"
    },
    {
      "id": 10,
      "statement": "You pay close attention when guests check-out",
      "subtext": "You wait outside until their car leaves",
      "group": "BED competencies"
    },
    {
      "id": 11,
      "statement": "You did at least one amazing thing last week",
      "subtext": "It was something special you can be proud",
      "group": "BED competencies"
    },
    {
      "id": 12,
      "statement": "You are proactive with guests and the team",
      "subtext": "You don't wait until people tell you what to do",
      "group": "BED competencies"
    },
    {
      "id": 13,
      "statement": "You scan every guest, every time",
      "subtext": "You can see what people need before they ask",
      "group": "BED competencies"
    },
    {
      "id": 14,
      "statement": "You help your team to develop and grow",
      "subtext": "You have ideas and make suggestions",
      "group": "Collaboration"
    },
    {
      "id": 15,
      "statement": "You create unique surprises for guests",
      "subtext": "You do more than offer free things",
      "group": "BED competencies"
    },
    {
      "id": 16,
      "statement": "You know great music creates a great vibe",
      "subtext": "You pay attention and make sure it's right",
      "group": "Hospitality skills"
    },
    {
      "id": 17,
      "statement": "You tell guests about other BED facilities",
      "subtext": "You invite them to use the pool in BNM",
      "group": "Collaboration"
    },
    {
      "id": 18,
      "statement": "It's frustrating when keycards doesn't work",
      "subtext": "You go up with guests with a master key",
      "group": "Hospitality skills"
    },
    {
      "id": 19,
      "statement": "You do whatever you can if guests need help",
      "subtext": "For example if people loose their passport",
      "group": "Taking ownership"
    },
    {
      "id": 20,
      "statement": "You give your friends feedback if needed",
      "subtext": "You know good friends should help each other",
      "group": "Collaboration"
    },
    {
      "id": 21,
      "statement": "You ask for feedback on your performance",
      "subtext": "You want to learn and develop yourself",
      "group": "Collaboration"
    },
    {
      "id": 22,
      "statement": "You can answer most questions about BED",
      "subtext": "You know all BED hotels and the people",
      "group": "Hospitality skills"
    },
    {
      "id": 23,
      "statement": "You are fully focused during breakfast",
      "subtext": "You know  07:00-10:00 is show-time",
      "group": "Hospitality skills"
    },
    {
      "id": 24,
      "statement": "You have peeled your onion",
      "subtext": "You act like a friend instead of hotel staff",
      "group": "Taking ownership"
    },
    {
      "id": 25,
      "statement": "You call ahead when guests go to another BED",
      "subtext": "You make sure they are welcomed as friends",
      "group": "Collaboration"
    },
    {
      "id": 26,
      "statement": "You use ChatGPT in daily work",
      "subtext": "You use it for messages and guest help",
      "group": "Hospitality skills"
    },
    {
      "id": 27,
      "statement": "You use ChatGPT for complex tasks",
      "subtext": "You use it for research and solving problems",
      "group": "Taking ownership"
    },
    {
      "id": 28,
      "statement": "You don't gossip and stop people who do",
      "subtext": "You don't talk bad if someone's not there",
      "group": "Collaboration"
    },
    {
      "id": 29,
      "statement": "You know rules exist for a reason",
      "subtext": "But without the reason you adapt the rule",
      "group": "Taking ownership"
    },
    {
      "id": 30,
      "statement": "You are confident and use common sense",
      "subtext": "You make decisions by yourself",
      "group": "Taking ownership"
    },
    {
      "id": 31,
      "statement": "You take responsibility for the whole hotel",
      "subtext": "You check rooms buildings and public areas",
      "group": "Taking ownership"
    },
    {
      "id": 32,
      "statement": "You work with positive energy",
      "subtext": "You don't complain but look for solutions",
      "group": "Taking ownership"
    },
    {
      "id": 33,
      "statement": "You don't pass-on problems to others",
      "subtext": "You take action and make sure it's fixed",
      "group": "Taking ownership"
    },
    {
      "id": 34,
      "statement": "You always try to do the right thing",
      "subtext": "You are not afraid to make mistakes",
      "group": "Taking ownership"
    },
    {
      "id": 35,
      "statement": "You consider yourself a full team member",
      "subtext": "You contribute as much as everyone else",
      "group": "Collaboration"
    }
  ]
}
